id,name,age,email
1,Juan Pérez,25,juan.perez@example.com
2,María Gómez,30,maria.gomez@example.com
3,Luis González,28,luis.gonzalez@example.com
4,Ana Martínez,35,ana.martinez@example.com
5,Carlos Sánchez,27,carlos.sanchez@example.com
6,Sofía López,22,sofia.lopez@example.com
7,Pedro Ramírez,31,pedro.ramirez@example.com
8,Laura Herrera,26,laura.herrera@example.com
9,Diego Torres,29,diego.torres@example.com
10,Gabriela Díaz,33,gabriela.diaz@example.com
11,Roberto Vargas,24,roberto.vargas@example.com
12,Alejandra Castro,32,alejandra.castro@example.com
13,Daniel Medina,23,daniel.medina@example.com
14,Verónica Ruiz,34,veronica.ruiz@example.com
15,Javier Morales,27,javier.morales@example.com
16,Patricia Acosta,29,patricia.acosta@example.com
17,Manuel Ortega,31,manuel.ortega@example.com
18,Isabel Fernández,28,isabel.fernandez@example.com
19,Miguel Rivera,26,miguel.rivera@example.com
20,Elena Jiménez,30,elena.jimenez@example.com
21,Ricardo Gutiérrez,25,ricardo.gutierrez@example.com
22,Fernanda Núñez,33,fernanda.nunez@example.com
23,José Aguilar,22,jose.aguilar@example.com
24,Andrea Santos,29,andrea.santos@example.com
25,Hugo Castro,27,hugo.castro@example.com
26,Carolina Rojas,31,carolina.rojas@example.com
27,Pablo Mendoza,24,pablo.mendoza@example.com
28,Alejandra Ruiz,32,alejandra.ruiz@example.com
29,Martín Méndez,23,martin.mendez@example.com
30,Sara Morales,34,sara.morales@example.com
31,Felipe Sánchez,28,felipe.sanchez@example.com
32,Natalia Herrera,26,natalia.herrera@example.com
33,Gabriel Vidal,30,gabriel.vidal@example.com
34,Lucía Domínguez,25,lucia.dominguez@example.com
35,Juan Carlos Ramos,33,juancarlos.ramos@example.com
36,Valeria Castro,22,valeria.castro@example.com
37,Oscar López,29,oscar.lopez@example.com
38,Marina Pérez,27,marina.perez@example.com
39,Adrián Torres,31,adrian.torres@example.com
40,Camila Díaz,28,camila.diaz@example.com
41,David Cruz,26,david.cruz@example.com
42,Lorena Vargas,30,lorena.vargas@example.com
43,Gustavo Medina,25,gustavo.medina@example.com
44,Julia Sánchez,33,julia.sanchez@example.com
45,Francisco Ruiz,22,francisco.ruiz@example.com
46,Antonia González,29,antonia.gonzalez@example.com
47,Ignacio Martínez,27,ignacio.martinez@example.com
48,Paola Martínez,31,paola.martinez@example.com
49,Roberto Pérez,28,roberto.perez@example.com
50,María Rodríguez,26,maria.rodriguez@example.com
